Misspelled_Make,Misspelled_Model,Correct_Make,Correct_Model
Toyotta,Camrey,Toyota,Camry
Honnda,Civik,Honda,Civic
Forde,F-15O,Ford,F-150
Chevrolett,Malibue,Chevrolet,Malibu
Mersedes,C-Klass,Mercedes,C-Class
Nisan,Altima,Nissan,Altima
Volswagon,Jettta,Volkswagen,Jetta
Hyndai,Sonata,Hyundai,Sonata
Kiaa,Sportaje,Kia,Sportage
BMV,X5,BMW,X5
Audi,A4,Audi,A4
Lexuss,ES-35O,Lexus,ES-350
Mazda,CX-5,Mazda,CX-5
Subaru,Forestor,Subaru,Forester
Acurra,TLX,Acura,TLX
Jeap,Grannd Cherokke,Jeep,Grand Cherokee
Chryseler,Paciffica,Chrysler,Pacifica
Infiniti,Q5O,Infiniti,Q50
Buik,Enclaive,Buick,Enclave
Lincolnn,Navigattor,Lincoln,Navigator
Cadilac,Esclade,Cadillac,Escalade
Porche,911,Porsche,911
Jagwar,F-Pace,Jaguar,F-Pace
Landrover,Discovary,Land Rover,Discovery
Volvoe,XC90,Volvo,XC90
GMC,Siera,GMC,Sierra
Dodge,Chalenjer,Dodge,Challenger
Ram,15OO,Ram,1500
Tesler,Modell 3,Tesla,Model 3
Mini,Coopper,Mini,Cooper
Fiat,5OO,Fiat,500
Alfa Romio,Giulia,Alfa Romeo,Giulia
Genisis,G7O,Genesis,G70
Mitsubishe,Outlender,Mitsubishi,Outlander
Toyotta,Rav4,Toyota,RAV4
Honnda,Acord,Honda,Accord
Forde,Mustanng,Ford,Mustang
Chevrolett,Equinox,Chevrolet,Equinox
Mersedes,E-Clas,Mercedes,E-Class
Nisan,Rougue,Nissan,Rogue
Volswagon,Tiguan,Volkswagen,Tiguan
Hyndai,Elanntra,Hyundai,Elantra
Kiaa,Tellurid,Kia,Telluride
BMV,3-Seres,BMW,3-Series
Audi,Q7,Audi,Q7
Lexuss,RX-35O,Lexus,RX-350
Mazda,Mazda3,Mazda,Mazda3
Subaru,Outbak,Subaru,Outback
Acurra,RDX,Acura,RDX
Jeap,Wranglr,Jeep,Wrangler
Chryseler,3OO,Chrysler,300
Infiniti,QX6O,Infiniti,QX60
Buik,Regal,Buick,Regal
Lincolnn,Corsair,Lincoln,Corsair
Cadilac,CT5,Cadillac,CT5
Porche,Cayene,Porsche,Cayenne
Jagwar,XE,Jaguar,XE
Landrover,Range Rovr,Land Rover,Range Rover
Volvoe,S60,Volvo,S60
GMC,Terrane,GMC,Terrain
Dodge,Duranggo,Dodge,Durango
Ram,25OO,Ram,2500
Tesler,Modell S,Tesla,Model S
Mini,Countryman,Mini,Countryman
Fiat,124 Spyder,Fiat,124 Spider
Alfa Romio,Stelvio,Alfa Romeo,Stelvio
Genisis,G8O,Genesis,G80
Mitsubishe,Eclips Cross,Mitsubishi,Eclipse Cross
Toyotta,Corollla,Toyota,Corolla
Honnda,CR-V,Honda,CR-V
Forde,Explrer,Ford,Explorer
Chevrolett,Silveradoo,Chevrolet,Silverado
Mersedes,GLE,Mercedes,GLE
Nisan,Sentra,Nissan,Sentra
Volswagon,Passat,Volkswagen,Passat
Hyndai,Tucsan,Hyundai,Tucson
Kiaa,Sorentto,Kia,Sorento
BMV,X3,BMW,X3
Audi,S4,Audi,S4
Lexuss,NX,Lexus,NX
Mazda,CX-9,Mazda,CX-9
Subaru,Impreza,Subaru,Impreza
Acurra,MDX,Acura,MDX
Jeap,Cheroke,Jeep,Cherokee
Chryseler,Voyager,Chrysler,Voyager
Infiniti,QX5O,Infiniti,QX50
Buik,Envision,Buick,Envision
Lincolnn,Aviater,Lincoln,Aviator
Cadilac,XT5,Cadillac,XT5
Porche,Macan,Porsche,Macan
Jagwar,XF,Jaguar,XF
Landrover,Evoke,Land Rover,Evoque
Volvoe,XC60,Volvo,XC60
GMC,Yukon,GMC,Yukon
Dodge,Charger,Dodge,Charger
Ram,ProMaster,Ram,ProMaster
Tesler,Modell X,Tesla,Model X
Mini,Clubmann,Mini,Clubman
Fiat,500X,Fiat,500X
Alfa Romio,4C,Alfa Romeo,4C
Genisis,GV8O,Genesis,GV80
Mitsubishe,Mirage,Mitsubishi,Mirage
Toyotta,Highlander,Toyota,Highlander
Honnda,Pilot,Honda,Pilot
Forde,Escap,Ford,Escape
Chevrolett,Traversse,Chevrolet,Traverse
Mersedes,A-Clas,Mercedes,A-Class
Nisan,Maxima,Nissan,Maxima
Volswagon,Atlas,Volkswagen,Atlas
Hyndai,Santa Fe,Hyundai,Santa Fe
Kiaa,Forte,Kia,Forte
BMV,7-Seres,BMW,7-Series
Audi,TT,Audi,TT
Lexuss,IS,Lexus,IS
Mazda,MX-5 Miatta,Mazda,MX-5 Miata
Subaru,Ascent,Subaru,Ascent
Acurra,ILX,Acura,ILX
Jeap,Compass,Jeep,Compass
Chryseler,Voyagr,Chrysler,Voyager
Infiniti,Q6O,Infiniti,Q60
Buik,LaCross,Buick,LaCrosse
Lincolnn,MKZ,Lincoln,MKZ
Cadilac,CT4,Cadillac,CT4
Porche,Panamerra,Porsche,Panamera
Jagwar,I-Pace,Jaguar,I-Pace
Landrover,Defender,Land Rover,Defender
Volvoe,V90,Volvo,V90
GMC,Acadia,GMC,Acadia
Dodge,Journy,Dodge,Journey
Ram,35OO,Ram,3500
Tesler,Modell Y,Tesla,Model Y
Mini,Convertibel,Mini,Convertible
Fiat,500L,Fiat,500L
Alfa Romio,Tonale,Alfa Romeo,Tonale
Genisis,G9O,Genesis,G90
Mitsubishe,Outlandr Sport,Mitsubishi,Outlander Sport
Toyotta,Sienna,Toyota,Sienna
Honnda,Fit,Honda,Fit
Forde,Edge,Ford,Edge
Chevrolett,Blazer,Chevrolet,Blazer
Mersedes,CLA,Mercedes,CLA
Nisan,Kicks,Nissan,Kicks
Volswagon,Golf,Volkswagen,Golf
Hyndai,Palisad,Hyundai,Palisade
Kiaa,Soul,Kia,Soul
BMV,X7,BMW,X7
Audi,RS5,Audi,RS5
Lexuss,GX,Lexus,GX
Mazda,CX-3O,Mazda,CX-30
Subaru,BRZ,Subaru,BRZ
Acurra,NSX,Acura,NSX
Jeap,Renegade,Jeep,Renegade
Chryseler,Voyagr,Chrysler,Voyager
Infiniti,QX8O,Infiniti,QX80
Buik,Encore,Buick,Encore
Lincolnn,Continental,Lincoln,Continental
Cadilac,XT6,Cadillac,XT6
Porche,Boxster,Porsche,Boxster
Jagwar,XJ,Jaguar,XJ
Landrover,Velar,Land Rover,Velar
Volvoe,S90,Volvo,S90
GMC,Canyon,GMC,Canyon
Dodge,Caravan,Dodge,Caravan
Ram,Promaster City,Ram,ProMaster City
Tesler,Cybertruck,Tesla,Cybertruck
Mini,John Cooper Wrks,Mini,John Cooper Works
Fiat,124 Spyder,Fiat,124 Spider
Alfa Romio,Giulietta,Alfa Romeo,Giulietta
Genisis,GV7O,Genesis,GV70
Mitsubishe,Lancer,Mitsubishi,Lancer
Toyotta,Tacoma,Toyota,Tacoma
Honnda,HR-V,Honda,HR-V
Forde,Rangr,Ford,Ranger
Chevrolett,Coloradoo,Chevrolet,Colorado
Mersedes,GLC,Mercedes,GLC
Nisan,Armada,Nissan,Armada
Volswagon,Arteon,Volkswagen,Arteon
Hyndai,Veloster,Hyundai,Veloster
Kiaa,Niro,Kia,Niro
BMV,i3,BMW,i3
Audi,e-tron,Audi,e-tron
Lexuss,LC,Lexus,LC
Mazda,6,Mazda,6
Subaru,Crosstrek,Subaru,Crosstrek
Acurra,TLX Type S,Acura,TLX Type S
Jeap,Gladiator,Jeep,Gladiator
Chryseler,Voyagr,Chrysler,Voyager
Infiniti,QX5O,Infiniti,QX50
Buik,Encore GX,Buick,Encore GX
Lincolnn,Nautilas,Lincoln,Nautilus
Cadilac,Lyriq,Cadillac,Lyriq
Porche,Taycan,Porsche,Taycan
Jagwar,E-Pace,Jaguar,E-Pace
Landrover,Discovry Sport,Land Rover,Discovery Sport
Volvoe,V60,Volvo,V60
GMC,Hummer EV,GMC,Hummer EV
Dodge,Hornet,Dodge,Hornet
Ram,Rebel,Ram,Rebel
Tesler,Roadstr,Tesla,Roadster
Mini,Electric,Mini,Electric
Fiat,Tipo,Fiat,Tipo
Alfa Romio,Giulia Quadrifoglio,Alfa Romeo,Giulia Quadrifoglio
Genisis,Electrified G80,Genesis,Electrified G80
Mitsubishe,Pajero,Mitsubishi,Pajero
Toyotta,Tundra,Toyota,Tundra
Honnda,Ridgeline,Honda,Ridgeline
Forde,Bronco,Ford,Bronco
Chevrolett,Bolt,Chevrolet,Bolt
Mersedes,EQS,Mercedes,EQS
Nisan,Leaf,Nissan,Leaf
Volswagon,ID.4,Volkswagen,ID.4
Hyndai,Ioniq,Hyundai,Ioniq
Kiaa,EV6,Kia,EV6
BMV,iX,BMW,iX
Audi,Q4 e-tron,Audi,Q4 e-tron
Lexuss,UX,Lexus,UX
Mazda,MX-30,Mazda,MX-30
Subaru,Solterra,Subaru,Solterra
Acurra,Integra,Acura,Integra
Jeap,Wagoneer,Jeep,Wagoneer
Chryseler,Paciffica Hybrid,Chrysler,Pacifica Hybrid
Infiniti,QX55,Infiniti,QX55
Buik,Envista,Buick,Envista
Lincolnn,Corsair Grand Touring,Lincoln,Corsair Grand Touring
Cadilac,Celestiq,Cadillac,Celestiq
Porche,718 Cayman,Porsche,718 Cayman
Jagwar,F-Type,Jaguar,F-Type
Landrover,Range Rover Sport,Land Rover,Range Rover Sport
Volvoe,C40 Recharge,Volvo,C40 Recharge
GMC,Canyon AT4,GMC,Canyon AT4
Dodge,Challenger SRT,Dodge,Challenger SRT
Ram,1500 TRX,Ram,1500 TRX
Tesler,Semi,Tesla,Semi
Mini,Countryman Plug-in Hybrid,Mini,Countryman Plug-in Hybrid
Fiat,Panda,Fiat,Panda
Alfa Romio,Stelvio Quadrifoglio,Alfa Romeo,Stelvio Quadrifoglio
Genisis,GV60,Genesis,GV60
Mitsubishe,ASX,Mitsubishi,ASX
Toyotta,bZ4X,Toyota,bZ4X
Honnda,Passport,Honda,Passport
Forde,Maverick,Ford,Maverick
Chevrolett,Trailblazer,Chevrolet,Trailblazer
Mersedes,EQE,Mercedes,EQE
Nisan,Ariya,Nissan,Ariya
Volswagon,Taos,Volkswagen,Taos
Hyndai,Kona,Hyundai,Kona
Kiaa,Seltos,Kia,Seltos
BMV,i4,BMW,i4
Audi,RS6 Avant,Audi,RS6 Avant
Lexuss,LX,Lexus,LX
Mazda,CX-50,Mazda,CX-50
Subaru,Legacy,Subaru,Legacy
Acurra,RDX A-Spec,Acura,RDX A-Spec
Jeap,Grand Wagoneer,Jeep,Grand Wagoneer
Chryseler,Airflow,Chrysler,Airflow
Infiniti,QX60 Autograph,Infiniti,QX60 Autograph
Buik,Encore GX,Buick,Encore GX
Lincolnn,Aviator Grand Touring,Lincoln,Aviator Grand Touring
Cadilac,Escalade-V,Cadillac,Escalade-V
Porche,911 GT3,Porsche,911 GT3
Jagwar,XF Sportbrake,Jaguar,XF Sportbrake
Landrover,Defender 110,Land Rover,Defender 110
Volvoe,XC40 Recharge,Volvo,XC40 Recharge
GMC,Sierra Denali Ultimate,GMC,Sierra Denali Ultimate
Dodge,Durango SRT Hellcat,Dodge,Durango SRT Hellcat
Ram,2500 Power Wagon,Ram,2500 Power Wagon
Tesler,Model S Plaid,Tesla,Model S Plaid
Mini,John Cooper Works GP,Mini,John Cooper Works GP
Fiat,500e,Fiat,500e
Alfa Romio,Giulia GTA,Alfa Romeo,Giulia GTA
Genisis,G70 Shooting Brake,Genesis,G70 Shooting Brake
Mitsubishe,Eclipse Cross PHEV,Mitsubishi,Eclipse Cross PHEV
Toyotta,GR Corolla,Toyota,GR Corolla
Honnda,Civic Type R,Honda,Civic Type R
Forde,Mustang Mach-E,Ford,Mustang Mach-E
Chevrolett,Corvette Z06,Chevrolet,Corvette Z06
Mersedes,AMG One,Mercedes,AMG One
Nisan,Z,Nissan,Z
Volswagon,Golf R,Volkswagen,Golf R
Hyndai,Elantra N,Hyundai,Elantra N
Kiaa,Stinger,Kia,Stinger
BMV,M3 Competition,BMW,M3 Competition
Audi,RS Q8,Audi,RS Q8
Lexuss,RZ 450e,Lexus,RZ 450e
Mazda,CX-90,Mazda,CX-90
Subaru,WRX,Subaru,WRX
Acurra,MDX Type S,Acura,MDX Type S
Jeap,Grand Cherokee L,Jeep,Grand Cherokee L
Chryseler,300C,Chrysler,300C
Infiniti,Q50 Red Sport 400,Infiniti,Q50 Red Sport 400
Buik,Enclave Avenir,Buick,Enclave Avenir
Lincolnn,Nautilus Black Label,Lincoln,Nautilus Black Label
Cadilac,CT5-V Blackwing,Cadillac,CT5-V Blackwing
Porche,Cayenne Turbo GT,Porsche,Cayenne Turbo GT
Jagwar,F-Pace SVR,Jaguar,F-Pace SVR
Landrover,Range Rover Velar,Land Rover,Range Rover Velar
Volvoe,S60 Recharge,Volvo,S60 Recharge
GMC,Yukon AT4,GMC,Yukon AT4
Dodge,Charger Scat Pack,Dodge,Charger Scat Pack
Ram,1500 Rebel G/T,Ram,1500 Rebel G/T
Tesler,Cybertruck Tri Motor,Tesla,Cybertruck Tri Motor
Mini,Countryman SE ALL4,Mini,Countryman SE ALL4
Fiat,500X Sport,Fiat,500X Sport
Alfa Romio,Tonale Ti,Alfa Romeo,Tonale Ti
Genisis,GV80 Prestige,Genesis,GV80 Prestige
Mitsubishe,Outlander PHEV,Mitsubishi,Outlander PHEV
Toyotta,Sequoia,Toyota,Sequoia
Honnda,Insight,Honda,Insight
Forde,Bronco Raptor,Ford,Bronco Raptor
Chevrolett,Tahoe RST,Chevrolet,Tahoe RST
Mersedes,GLS Maybach,Mercedes,GLS Maybach
Nisan,Pathfinder Rock Creek,Nissan,Pathfinder Rock Creek
Volswagon,Arteon R-Line,Volkswagen,Arteon R-Line
Hyndai,Tucson N Line,Hyundai,Tucson N Line
Kiaa,Carnival SX Prestige,Kia,Carnival SX Prestige
BMV,X5 M Competition,BMW,X5 M Competition
Audi,S8,Audi,S8
Lexuss,LS 500 F Sport,Lexus,LS 500 F Sport
Mazda,3 Turbo,Mazda,3 Turbo
Subaru,Outback Wilderness,Subaru,Outback Wilderness
Acurra,TLX Type S PMC Edition,Acura,TLX Type S PMC Edition
Jeap,Wrangler 4xe,Jeep,Wrangler 4xe
Chryseler,Pacifica Pinnacle,Chrysler,Pacifica Pinnacle
Infiniti,QX80 Sensory,Infiniti,QX80 Sensory
Buik,Envision Avenir,Buick,Envision Avenir
Lincolnn,Corsair Reserve,Lincoln,Corsair Reserve
Cadilac,XT4 Sport,Cadillac,XT4 Sport
Porche,718 Cayman GT4 RS,Porsche,718 Cayman GT4 RS
Jagwar,I-Pace HSE,Jaguar,I-Pace HSE
Landrover,Discovery Metropolitan Edition,Land Rover,Discovery Metropolitan Edition
Volvoe,V90 Cross Country,Volvo,V90 Cross Country
GMC,Terrain Denali,GMC,Terrain Denali
Dodge,Challenger R/T Scat Pack Widebody,Dodge,Challenger R/T Scat Pack Widebody
Ram,2500 Laramie Longhorn,Ram,2500 Laramie Longhorn
Tesler,Model X Plaid,Tesla,Model X Plaid
Mini,Cooper SE Hardtop 2 Door,Mini,Cooper SE Hardtop 2 Door
Fiat,Tipo Cross,Fiat,Tipo Cross
Alfa Romio,Stelvio Veloce,Alfa Romeo,Stelvio Veloce
Genisis,Electrified GV70,Genesis,Electrified GV70
Mitsubishe,L200,Mitsubishi,L200
Toyotta,Crown,Toyota,Crown
Honnda,Pilot TrailSport,Honda,Pilot TrailSport
Forde,F-150 Lightning,Ford,F-150 Lightning
Chevrolett,Silverado ZR2,Chevrolet,Silverado ZR2
Mersedes,EQE SUV,Mercedes,EQE SUV
Nisan,Frontier PRO-4X,Nissan,Frontier PRO-4X
Volswagon,ID. Buzz,Volkswagen,ID. Buzz
Hyndai,IONIQ 6,Hyundai,IONIQ 6
Kiaa,EV9,Kia,EV9
BMV,XM,BMW,XM
Audi,RS3,Audi,RS3
Lexuss,RX 500h F Sport Performance,Lexus,RX 500h F Sport Performance
Mazda,CX-60,Mazda,CX-60
Subaru,Ascent Onyx Edition,Subaru,Ascent Onyx Edition
Acurra,Integra A-Spec,Acura,Integra A-Spec
Jeap,Compass Trailhawk,Jeep,Compass Trailhawk
Chryseler,Voyager LXi,Chrysler,Voyager LXi
Infiniti,QX55 Essential,Infiniti,QX55 Essential
Buik,Regal TourX,Buick,Regal TourX
Lincolnn,Aviator Black Label,Lincoln,Aviator Black Label
Cadilac,CT4-V,Cadillac,CT4-V
Porche,Panamera Turbo S E-Hybrid,Porsche,Panamera Turbo S E-Hybrid
Jagwar,XE R-Dynamic,Jaguar,XE R-Dynamic
Landrover,Defender 130,Land Rover,Defender 130
Volvoe,XC60 T8 Polestar Engineered,Volvo,XC60 T8 Polestar Engineered
GMC,Acadia AT4,GMC,Acadia AT4
Dodge,Hornet GT,Dodge,Hornet GT
Ram,1500 Limited Night Edition,Ram,1500 Limited Night Edition
Tesler,Model Y Performance,Tesla,Model Y Performance
Mini,Clubman John Cooper Works ALL4,Mini,Clubman John Cooper Works ALL4
Fiat,Pulse,Fiat,Pulse
Alfa Romio,4C Spider 33 Stradale Tributo,Alfa Romeo,4C Spider 33 Stradale Tributo
Genisis,G90 Long Wheelbase,Genesis,G90 Long Wheelbase
Mitsubishe,Xpander,Mitsubishi,Xpander
Toyotta,Venza,Toyota,Venza
Honnda,CR-V Hybrid,Honda,CR-V Hybrid
Forde,Expedition Timberline,Ford,Expedition Timberline
Chevrolett,Blazer EV,Chevrolet,Blazer EV
Mersedes,G-Class 4x4 Squared,Mercedes,G-Class 4x4 Squared
Nisan,Rogue Sport,Nissan,Rogue Sport
Volswagon,Atlas Cross Sport,Volkswagen,Atlas Cross Sport
Hyndai,Santa Cruz,Hyundai,Santa Cruz
Kiaa,K5 GT,Kia,K5 GT
BMV,i7,BMW,i7
Audi,Q8 e-tron,Audi,Q8 e-tron
Lexuss,IS 500 F Sport Performance,Lexus,IS 500 F Sport Performance
Mazda,MX-5 RF,Mazda,MX-5 RF
Subaru,Crosstrek Hybrid,Subaru,Crosstrek Hybrid
Acurra,NSX Type S,Acura,NSX Type S
Jeap,Renegade Trailhawk,Jeep,Renegade Trailhawk
Chryseler,300S V8,Chrysler,300S V8
Infiniti,Q60 Red Sport 400,Infiniti,Q60 Red Sport 400
Buik,Encore GX Sport Touring,Buick,Encore GX Sport Touring
Lincolnn,Navigator L Reserve,Lincoln,Navigator L Reserve
Cadilac,XT6 Sport,Cadillac,XT6 Sport
Porche,Macan T,Porsche,Macan T
Jagwar,F-Type R,Jaguar,F-Type R
Landrover,Range Rover Evoque Autobiography,Land Rover,Range Rover Evoque Autobiography
Volvoe,S90 Recharge,Volvo,S90 Recharge
GMC,Canyon Denali,GMC,Canyon Denali
Dodge,Durango GT Plus,Dodge,Durango GT Plus
Ram,3500 Limited Longhorn,Ram,3500 Limited Longhorn
Tesler,Roadster SpaceX Package,Tesla,Roadster SpaceX Package
Mini,Countryman John Cooper Works ALL4,Mini,Countryman John Cooper Works ALL4
Fiat,Fastback,Fiat,Fastback
Alfa Romio,Giulia Quadrifoglio NRING,Alfa Romeo,Giulia Quadrifoglio NRING
Genisis,GV60 Performance,Genesis,GV60 Performance
Mitsubishe,Triton,Mitsubishi,Triton
Toyotta,Corolla Cross,Toyota,Corolla Cross
Honnda,Accord Sport 2.0T,Honda,Accord Sport 2.0T
Forde,Ranger Raptor,Ford,Ranger Raptor
Chevrolett,Equinox RS,Chevrolet,Equinox RS
Mersedes,AMG GT 63 S E Performance,Mercedes,AMG GT 63 S E Performance
Nisan,Altima SR VC-Turbo,Nissan,Altima SR VC-Turbo
Volswagon,Tiguan R,Volkswagen,Tiguan R
Hyndai,Palisade Calligraphy,Hyundai,Palisade Calligraphy
Kiaa,Sorento X-Line,Kia,Sorento X-Line
BMV,iX M60,BMW,iX M60
Audi,RS e-tron GT,Audi,RS e-tron GT
Lexuss,NX 450h+ F Sport,Lexus,NX 450h+ F Sport
Mazda,CX-5 Signature,Mazda,CX-5 Signature
Subaru,Impreza RS,Subaru,Impreza RS
Acurra,ILX A-Spec,Acura,ILX A-Spec
Jeap,Gladiator Mojave,Jeep,Gladiator Mojave
Chryseler,Pacifica Touring L,Chrysler,Pacifica Touring L
Infiniti,QX50 Autograph,Infiniti,QX50 Autograph
Buik,Enclave Essence,Buick,Enclave Essence
Lincolnn,Corsair Grand Touring,Lincoln,Corsair Grand Touring
Cadilac,Escalade ESV Sport Platinum,Cadillac,Escalade ESV Sport Platinum
Porche,911 Dakar,Porsche,911 Dakar
Jagwar,E-Pace 300 Sport,Jaguar,E-Pace 300 Sport
Landrover,Discovery Sport R-Dynamic,Land Rover,Discovery Sport R-Dynamic
Volvoe,V60 Cross Country,Volvo,V60 Cross Country
GMC,Hummer EV SUV,GMC,Hummer EV SUV
Dodge,Charger Daytona SRT Concept,Dodge,Charger Daytona SRT Concept
Ram,1500 REV,Ram,1500 REV
Tesler,Model 3 Highland,Tesla,Model 3 Highland
Mini,Cooper S Convertible,Mini,Cooper S Convertible
Fiat,Strada,Fiat,Strada
Alfa Romio,Stelvio Sprint,Alfa Romeo,Stelvio Sprint
Genisis,Electrified G80 Sport,Genesis,Electrified G80 Sport
Mitsubishe,Pajero Sport,Mitsubishi,Pajero Sport
Toyotta,GR86,Toyota,GR86
Honnda,Civic Si,Honda,Civic Si
Forde,Puma ST,Ford,Puma ST
Chevrolett,Trax,Chevrolet,Trax
Mersedes,CLE-Class,Mercedes,CLE-Class
Nisan,Qashqai,Nissan,Qashqai
Volswagon,ID.7,Volkswagen,ID.7
Hyndai,Sonata N Line,Hyundai,Sonata N Line
Kiaa,Rio,Kia,Rio
BMV,Z4,BMW,Z4
Audi,SQ7,Audi,SQ7
Lexuss,LC 500 Convertible,Lexus,LC 500 Convertible
Mazda,2,Mazda,2
Subaru,Levorg,Subaru,Levorg
Acurra,ZDX,Acura,ZDX
Jeap,Avenger,Jeep,Avenger
Chryseler,Portal,Chrysler,Portal
Infiniti,QX60 Sensory,Infiniti,QX60 Sensory
Buik,GL8,Buick,GL8
Lincolnn,Zephyr,Lincoln,Zephyr
Cadilac,CT4-V Blackwing,Cadillac,CT4-V Blackwing
Porche,Taycan Cross Turismo,Porsche,Taycan Cross Turismo
Jagwar,XJ Electric,Jaguar,XJ Electric
Landrover,Range Rover SV,Land Rover,Range Rover SV
Volvoe,EX90,Volvo,EX90
GMC,Sierra EV,GMC,Sierra EV
Dodge,Hornet R/T,Dodge,Hornet R/T
Ram,Heavy Duty Rebel,Ram,Heavy Duty Rebel
Tesler,Model 2,Tesla,Model 2
Mini,Aceman,Mini,Aceman
Fiat,Toro,Fiat,Toro
Alfa Romio,Tonale PHEV,Alfa Romeo,Tonale PHEV
Genisis,X Convertible,Genesis,X Convertible
Mitsubishe,Airtrek,Mitsubishi,Airtrek
Toyotta,Century SUV,Toyota,Century SUV
Honnda,Prologue,Honda,Prologue
Forde,Territory,Ford,Territory
Chevrolett,Montana,Chevrolet,Montana
Mersedes,EQG,Mercedes,EQG
Nisan,X-Trail,Nissan,X-Trail
Volswagon,Amarok,Volkswagen,Amarok
Hyndai,Casper,Hyundai,Casper
Kiaa,Sportage X-Pro,Kia,Sportage X-Pro
BMV,M2,BMW,M2
Audi,A6 e-tron,Audi,A6 e-tron
Lexuss,TX,Lexus,TX
Mazda,CX-80,Mazda,CX-80
Subaru,Baja,Subaru,Baja
Acurra,ADX,Acura,ADX
Jeap,Recon,Jeep,Recon
Chryseler,Halcyon,Chrysler,Halcyon
Infiniti,QX65,Infiniti,QX65
Buik,Electra,Buick,Electra
Lincolnn,Star,Lincoln,Star
Cadilac,Optiq,Cadillac,Optiq
Porche,Macan Electric,Porsche,Macan Electric
Jagwar,J-Pace,Jaguar,J-Pace
Landrover,Road Rover,Land Rover,Road Rover
Volvoe,EM90,Volvo,EM90
GMC,Granite,GMC,Granite
Dodge,Ramcharger,Dodge,Ramcharger
Ram,Dakota,Ram,Dakota
Tesler,Robotaxi,Tesla,Robotaxi
Mini,Traveller,Mini,Traveller
Fiat,Argo,Fiat,Argo
Alfa Romio,Brennero,Alfa Romeo,Brennero
Genisis,GV90,Genesis,GV90
Mitsubishe,eK X EV,Mitsubishi,eK X EV
Toyotta,Land Cruiser Se,Toyota,Land Cruiser Se
Honnda,ZR-V,Honda,ZR-V
Forde,Equator,Ford,Equator
Chevrolett,Seeker,Chevrolet,Seeker
Mersedes,EQA Sedan,Mercedes,EQA Sedan
Nisan,Townstar,Nissan,Townstar
Volswagon,ID.2,Volkswagen,ID.2
Hyndai,Staria,Hyundai,Staria
Kiaa,Carens,Kia,Carens
BMV,i5,BMW,i5
Audi,Q6 e-tron,Audi,Q6 e-tron
Lexuss,LBX,Lexus,LBX
Mazda,CX-70,Mazda,CX-70
Subaru,Solterra STI,Subaru,Solterra STI
Acurra,Precision,Acura,Precision
Jeap,Wagoneer S,Jeep,Wagoneer S
Chryseler,Airflow Graphite,Chrysler,Airflow Graphite
Infiniti,Vision Qe,Infiniti,Vision Qe
Buik,Envista GX,Buick,Envista GX
Lincolnn,Aviator Shinola,Lincoln,Aviator Shinola
Cadilac,Vistiq,Cadillac,Vistiq
Porche,Mission R,Porsche,Mission R
Jagwar,XK,Jaguar,XK
Landrover,Defender 80,Land Rover,Defender 80
Volvoe,ES8,Volvo,ES8
GMC,Jimmy,GMC,Jimmy
Dodge,Demon 170,Dodge,Demon 170
Ram,Rampage,Ram,Rampage
Tesler,Pi,Tesla,Pi
Mini,Urbanaut,Mini,Urbanaut
Fiat,Fastback Abarth,Fiat,Fastback Abarth
Alfa Romio,6C,Alfa Romeo,6C
Genisis,Mint,Genesis,Mint
Mitsubishe,Delica D:5,Mitsubishi,Delica D:5
Toyotta,Sports EV,Toyota,Sports EV
Honnda,e:Ny1,Honda,e:Ny1
Forde,Evos,Ford,Evos
Chevrolett,FNR-XE,Chevrolet,FNR-XE
Mersedes,EQT Marco Polo,Mercedes,EQT Marco Polo
Nisan,Sakura,Nissan,Sakura
Volswagon,ID. Aero,Volkswagen,ID. Aero
Hyndai,Nexo,Hyundai,Nexo
Kiaa,Ray,Kia,Ray
BMV,iX2,BMW,iX2
Audi,Activesphere,Audi,Activesphere
Lexuss,LF-Z Electrified,Lexus,LF-Z Electrified
Mazda,MX-30 R-EV,Mazda,MX-30 R-EV
Subaru,Rex,Subaru,Rex
Acurra,Type S Concept,Acura,Type S Concept
Jeap,Wagoneer I,Jeep,Wagoneer I
Chryseler,Atlantic,Chrysler,Atlantic
Infiniti,Qs Inspiration,Infiniti,Qs Inspiration
Buik,Velite 7,Buick,Velite 7
Lincolnn,Model L100,Lincoln,Model L100
Cadilac,Symboliq,Cadillac,Symboliq
Porche,Vision GT,Porsche,Vision GT
Jagwar,C-X75,Jaguar,C-X75
Landrover,Project Zeus,Land Rover,Project Zeus
Volvoe,Concept Recharge,Volvo,Concept Recharge
GMC,Denali Ultimate,GMC,Denali Ultimate
Dodge,Tomahawk,Dodge,Tomahawk
Ram,Revolution,Ram,Revolution
Tesler,Optimus,Tesla,Optimus
Mini,Strip,Mini,Strip
Fiat,Centoventi,Fiat,Centoventi
Alfa Romio,Castello,Alfa Romeo,Castello
Genisis,Essentia,Genesis,Essentia
Mitsubishe,Mi-Tech,Mitsubishi,Mi-Tech
Toyotta,Compact Cruiser EV,Toyota,Compact Cruiser EV
Honnda,SUV e:prototype,Honda,SUV e:prototype
Forde,E-Transit Custom,Ford,E-Transit Custom
Chevrolett,Sail,Chevrolet,Sail
Mersedes,Vision EQXX,Mercedes,Vision EQXX
Nisan,IMk,Nissan,IMk
Volswagon,Trinity,Volkswagen,Trinity
Hyndai,Prophecy,Hyundai,Prophecy
Kiaa,EV4,Kia,EV4
BMV,Vision Circular,BMW,Vision Circular
Audi,Grand Sphere,Audi,Grand Sphere
Lexuss,RZ Sport Concept,Lexus,RZ Sport Concept
Mazda,Vision Study Model,Mazda,Vision Study Model
Subaru,Viziv Adrenaline,Subaru,Viziv Adrenaline
Acurra,Precision EV Concept,Acura,Precision EV Concept
Jeap,Magneto 3.0,Jeep,Magneto 3.0
Chryseler,Synthesis Cockpit,Chrysler,Synthesis Cockpit
Infiniti,Prototype 10,Infiniti,Prototype 10
Buik,Wildcat EV,Buick,Wildcat EV
Lincolnn,Anniversary Concept,Lincoln,Anniversary Concept
Cadilac,InnerSpace,Cadillac,InnerSpace
Porche,911 Vision Safari,Porsche,911 Vision Safari
Jagwar,Vision Gran Turismo SV,Jaguar,Vision Gran Turismo SV
Landrover,DC100,Land Rover,DC100
Volvoe,360c,Volvo,360c
GMC,Terradyne,GMC,Terradyne
Dodge,Super8 Hemi,Dodge,Super8 Hemi
Ram,Long Hauler,Ram,Long Hauler
Tesler,Cyber Quad,Tesla,Cyber Quad
Mini,Rocketman,Mini,Rocketman
Fiat,120,Fiat,120
Alfa Romio,Proteo,Alfa Romeo,Proteo
Genisis,X Speedium Coupe,Genesis,X Speedium Coupe
Mitsubishe,e-Evolution,Mitsubishi,e-Evolution
Toyotta,FT-1,Toyota,FT-1
Honnda,Sports EV Concept,Honda,Sports EV Concept
Forde,Visos,Ford,Visos
Chevrolett,Code 130R,Chevrolet,Code 130R
Mersedes,F 015,Mercedes,F 015
Nisan,IDx,Nissan,IDx
Volswagon,W12,Volkswagen,W12
Hyndai,N Vision 74,Hyundai,N Vision 74
Kiaa,GT4 Stinger,Kia,GT4 Stinger
BMV,328 Hommage,BMW,328 Hommage
Audi,Skysphere,Audi,Skysphere
Lexuss,Sport Yacht Concept,Lexus,Sport Yacht Concept
Mazda,Furai,Mazda,Furai
Subaru,B9 Scrambler,Subaru,B9 Scrambler
Acurra,Advanced Sports Car Concept,Acura,Advanced Sports Car Concept
Jeap,Hurricane,Jeep,Hurricane
Chryseler,ME Four-Twelve,Chrysler,ME Four-Twelve
Infiniti,Emerg-E,Infiniti,Emerg-E
Buik,Avista,Buick,Avista
Lincolnn,MKR,Lincoln,MKR
Cadilac,Ciel,Cadillac,Ciel
Porche,919 Street,Porsche,919 Street
Jagwar,C-X17,Jaguar,C-X17
Landrover,LRX,Land Rover,LRX
Volvoe,Air Motion,Volvo,Air Motion
GMC,Graphyte,GMC,Graphyte
Dodge,Copperhead,Dodge,Copperhead
Ram,Macho Power Wagon,Ram,Macho Power Wagon
Tesler,Snake,Tesla,Snake
Mini,Vision Urbanaut,Mini,Vision Urbanaut
Fiat,ESC,Fiat,ESC
Alfa Romio,Carabo,Alfa Romeo,Carabo
Genisis,New York Concept,Genesis,New York Concept
Mitsubishe,GT-PHEV,Mitsubishi,GT-PHEV
Toyotta,Alessandro Volta,Toyota,Alessandro Volta
Honnda,Project 2&4,Honda,Project 2&4
Forde,Indigo,Ford,Indigo
Chevrolett,Chaparral 2X Vision Gran Turismo,Chevrolet,Chaparral 2X Vision Gran Turismo
Mersedes,Biome,Mercedes,Biome
Nisan,BladeGlider,Nissan,BladeGlider
Volswagon,GTE Sport,Volkswagen,GTE Sport
Hyndai,Le Fil Rouge,Hyundai,Le Fil Rouge
Kiaa,Pop,Kia,Pop
BMV,GINA,BMW,GINA
Audi,PB18 e-tron,Audi,PB18 e-tron
Lexuss,LF-30,Lexus,LF-30
Mazda,Taiki,Mazda,Taiki
Subaru,B11S,Subaru,B11S
Acurra,Advanced Sedan Concept,Acura,Advanced Sedan Concept
Jeap,Treo,Jeep,Treo
Chryseler,Firepower,Chrysler,Firepower
Infiniti,Q80 Inspiration,Infiniti,Q80 Inspiration
Buik,Riviera,Buick,Riviera
Lincolnn,C Concept,Lincoln,C Concept
Cadilac,Elmiraj,Cadillac,Elmiraj
Porche,Mission E Cross Turismo,Porsche,Mission E Cross Turismo
Jagwar,Project 7,Jaguar,Project 7
Landrover,e-Terrain,Land Rover,e-Terrain
Volvoe,Estate,Volvo,Estate
GMC,Pad,GMC,Pad
Dodge,M80,Dodge,M80
Ram,Rumble Bee,Ram,Rumble Bee
Tesler,Roadster Sport,Tesla,Roadster Sport
Mini,Beachcomber,Mini,Beachcomber
Fiat,Trepiuno,Fiat,Trepiuno
Alfa Romio,Bella,Alfa Romeo,Bella
Genisis,Concept Car,Genesis,Concept Car
Mitsubishe,Race,Mitsubishi,RACE
Toyotta,Fine-Comfort Ride,Toyota,Fine-Comfort Ride
Honnda,Urban EV,Honda,Urban EV
Forde,Interceptor,Ford,Interceptor
Chevrolett,CERV III,Chevrolet,CERV III
Mersedes,Ener-G-Force,Mercedes,Ener-G-Force
Nisan,Xmotion,Nissan,Xmotion
Volswagon,Nardo W12,Volkswagen,Nardo W12
Hyndai,HCD-6,Hyundai,HCD-6
Kiaa,KCV-III,Kia,KCV-III
BMV,Vision Next 100,BMW,Vision Next 100
Audi,Rosemeyer,Audi,Rosemeyer
Lexuss,LF-LC,Lexus,LF-LC
Mazda,Ryuga,Mazda,Ryuga
Subaru,SVX,Subaru,SVX
Acurra,DN-X,Acura,DN-X
Jeap,Willys2,Jeep,Willys2
Chryseler,Imperial,Chrysler,Imperial
Infiniti,Essence,Infiniti,Essence
Buik,Cielo,Buick,Cielo
Lincolnn,Futura,Lincoln,Futura
Cadilac,Sixteen,Cadillac,Sixteen
Porche,918 RSR,Porsche,918 RSR
Jagwar,R-Coupe,Jaguar,R-Coupe
Landrover,Range Stormer,Land Rover,Range Stormer
Volvoe,YCC,Volvo,YCC
GMC,Terracross,GMC,Terracross
Dodge,Kahuna,Dodge,Kahuna
Ram,Mega Cab,Ram,Mega Cab
Tesler,Bluestar,Tesla,Bluestar
Mini,Superleggera Vision,Mini,Superleggera Vision
Fiat,Phylla,Fiat,Phylla
Alfa Romio,Nuvola,Alfa Romeo,Nuvola
Genisis,GV80 Concept,Genesis,GV80 Concept
Mitsubishe,HSR,Mitsubishi,HSR
Toyotta,GRMN Sports Hybrid Concept II,Toyota,GRMN Sports Hybrid Concept II
Honnda,Dualnote,Honda,Dualnote
Forde,Shelby GR-1,Ford,Shelby GR-1
Chevrolett,Tru 140S,Chevrolet,Tru 140S
Mersedes,Style Coupe,Mercedes,Style Coupe
Nisan,Sway,Nissan,Sway
Volswagon,W12 Coupe,Volkswagen,W12 Coupe
Hyndai,Arnejs,Hyundai,Arnejs
Kiaa,Soul'ster,Kia,Soul'ster
BMV,Lovos,BMW,LOVOS
Audi,Avus Quattro,Audi,Avus Quattro
Lexuss,LF-Xh,Lexus,LF-Xh
Mazda,Nagare,Mazda,Nagare
Subaru,SRD-1,Subaru,SRD-1
Acurra,Advanced Tourer,Acura,Advanced Tourer
Jeap,Nukizer 715,Jeep,Nukizer 715
Chryseler,Chronos,Chrysler,Chronos
Infiniti,Kuraza,Infiniti,Kuraza
Buik,Centieme,Buick,Centieme
Lincolnn,Navicross,Lincoln,Navicross
Cadilac,Urban Luxury,Cadillac,Urban Luxury
Porche,Le Mans Living Legend,Porsche,Le Mans Living Legend
Jagwar,RD-6,Jaguar,RD-6
Landrover,Freelander Callaway,Land Rover,Freelander Callaway
Volvoe,3CC,Volvo,3CC
GMC,Envoy XUV,GMC,Envoy XUV
Dodge,Sling Shot,Dodge,Sling Shot
Ram,Lone Star,Ram,Lone Star
Tesler,Whitestar,Tesla,WhiteStar
Mini,Paceman,Mini,Paceman
Fiat,XXX,Fiat,XXX
Alfa Romio,Kamal,Alfa Romeo,Kamal
Genisis,Essentia Concept,Genesis,Essentia Concept
Mitsubishe,Concept-RA,Mitsubishi,Concept-RA
Toyotta,A-BAT,Toyota,A-BAT
Honnda,HSC,Honda,HSC
Forde,MA,Ford,MA
Chevrolett,Miray,Chevrolet,Miray
Mersedes,F600 Hyggelight,Mercedes,F600 Hyggelight
Nisan,Pivo,Nissan,Pivo
Volswagon,EcoRacer,Volkswagen,EcoRacer
Hyndai,Clix,Hyundai,Clix
Kiaa,Multi-S,Kia,Multi-S
BMV,X Coupe,BMW,X Coupe
Audi,Nanuk Quattro,Audi,Nanuk Quattro
Lexuss,LF-SA,Lexus,LF-SA
Mazda,Kabura,Mazda,Kabura
Subaru,G4e,Subaru,G4e
Acurra,2&4,Acura,2&4
Jeap,Gladiator Concept,Jeep,Gladiator Concept
Chryseler,Phaeton,Chrysler,Phaeton
Infiniti,Triant,Infiniti,Triant
Buik,Bengal,Buick,Bengal
Lincolnn,MKF,Lincoln,MKF
Cadilac,Converj,Cadillac,Converj
Porche,Boxster Bergspyder,Porsche,Boxster Bergspyder
Jagwar,C-XF,Jaguar,C-XF
Landrover,Sentinel,Land Rover,Sentinel
Volvoe,Venus Bilo,Volvo,Venus Bilo
GMC,Terrain Graphyte,GMC,Terrain Graphyte
Dodge,Razor,Dodge,Razor
Ram,Low Down,Ram,Low Down
Tesler,Cybertruck Plaid,Tesla,Cybertruck Plaid
Mini,Mission Control,Mini,Mission Control
Fiat,FCC II,Fiat,FCC II
Alfa Romio,Brera,Alfa Romeo,Brera
Genisis,X Concept,Genesis,X Concept
Mitsubishe,eX Concept,Mitsubishi,eX Concept
Toyotta,Rhombus,Toyota,Rhombus
Honnda,J-VX,Honda,J-VX
Forde,Iosis,Ford,Iosis
Chevrolett,Bolt EUV,Chevrolet,Bolt EUV
Mersedes,Maybach 6,Mercedes,Maybach 6
Nisan,IMs,Nissan,IMs
Volswagon,AAC,Volkswagen,AAC
Hyndai,Kite,Hyundai,Kite
Kiaa,Provo,Kia,Provo
BMV,ActiveE,BMW,ActiveE
Audi,AI:Trail,Audi,AI:Trail
Lexuss,LF-A,Lexus,LF-A
Mazda,Shinari,Mazda,Shinari
Subaru,P-1,Subaru,P-1
Acurra,CL-X,Acura,CL-X
Jeap,J-12,Jeep,J-12
Chryseler,Akino,Chrysler,Akino
Infiniti,FX45,Infiniti,FX45
Buik,Velite,Buick,Velite
Lincolnn,Mk9,Lincoln,MK9
Cadilac,Provoq,Cadillac,Provoq
Porche,917 Living Legend,Porsche,917 Living Legend
Jagwar,B99,Jaguar,B99
Landrover,Michelotti Dakar,Land Rover,Michelotti Dakar
Volvoe,T6,Volvo,T6
GMC,Debutante,GMC,Debutante
Dodge,Challenger GT AWD,Dodge,Challenger GT AWD
Ram,TRX Rebel,Ram,TRX Rebel
Tesler,Van,Tesla,Van
Mini,Coupe,Mini,Coupe
Fiat,Portofino,Fiat,Portofino
Alfa Romio,Pandion,Alfa Romeo,Pandion
Genisis,Mint Concept,Genesis,Mint Concept
Mitsubishe,D:5 Delica,Mitsubishi,D:5 Delica
Toyotta,Tj Cruiser,Toyota,Tj Cruiser
Honnda,Remix,Honda,Remix
Forde,Airstream,Ford,Airstream
Chevrolett,SSR,Chevrolet,SSR
Mersedes,Avatar,Mercedes,AVTR
Nisan,Gripz,Nissan,Gripz
Volswagon,Space Vizzion,Volkswagen,Space Vizzion
Hyndai,Intrado,Hyundai,Intrado
Kiaa,Track'ster,Kia,Track'ster
BMV,Concept 4,BMW,Concept 4
Audi,AI:ME,Audi,AI:ME
Lexuss,LF-1 Limitless,Lexus,LF-1 Limitless
Mazda,Koeru,Mazda,Koeru
Subaru,Viziv Performance STI,Subaru,VIZIV Performance STI
Acurra,Precision Concept,Acura,Precision Concept
Jeap,Yuntu,Jeep,Yuntu
Chryseler,ecoVoyager,Chrysler,ecoVoyager
Infiniti,QX Sport Inspiration,Infiniti,QX Sport Inspiration
Buik,Enspire,Buick,Enspire
Lincolnn,Aviator Concept,Lincoln,Aviator Concept
Cadilac,Escala,Cadillac,Escala
Porche,Mission R,Porsche,Mission R
Jagwar,I-Type,Jaguar,I-Type
Landrover,Vision Concept,Land Rover,Vision Concept
Volvoe,40.2,Volvo,40.2
GMC,All Terrain,GMC,All Terrain
Dodge,Super Bee,Dodge,Super Bee
Ram,Rebel TRX,Ram,Rebel TRX
Tesler,ATV,Tesla,ATV
Mini,Vision Next 100,Mini,Vision Next 100
Fiat,Concept Centoventi,Fiat,Concept Centoventi
Alfa Romio,4C,Alfa Romeo,4C
Genisis,X Speedium Coupe,Genesis,X Speedium Coupe
Mitsubishe,MI-TECH,Mitsubishi,MI-TECH
Toyotta,Mirai,Toyota,Mirai
Honnda,E,Honda,e
Forde,Mondeo,Ford,Mondeo
Chevrolett,Menlo,Chevrolet,Menlo
Mersedes,EQS SUV,Mercedes,EQS SUV
Nisan,Terra,Nissan,Terra
Volswagon,ID.6,Volkswagen,ID.6
Hyndai,Bayon,Hyundai,Bayon
Kiaa,Mohave,Kia,Mohave
BMV,iX1,BMW,iX1
Audi,Q4 Sportback e-tron,Audi,Q4 Sportback e-tron
Lexuss,UX 300e,Lexus,UX 300e
Mazda,MX-30 e-Skyactiv R-EV,Mazda,MX-30 e-Skyactiv R-EV
Subaru,Evoltis,Subaru,Evoltis
Acurra,CDX,Acura,CDX
Jeap,Commander,Jeep,Commander
Chryseler,Voyager,Chrysler,Voyager
Infiniti,QX55,Infiniti,QX55
Buik,Verano,Buick,Verano
Lincolnn,Corsair,Lincoln,Corsair
Cadilac,Lyriq,Cadillac,LYRIQ
Porche,Panamera Sport Turismo,Porsche,Panamera Sport Turismo
Jagwar,XF Sportbrake,Jaguar,XF Sportbrake
Landrover,Defender V8,Land Rover,Defender V8
Volvoe,C40,Volvo,C40
GMC,Hummer EV Pickup,GMC,Hummer EV Pickup
Dodge,Hornet,Dodge,Hornet
Ram,ProMaster City,Ram,ProMaster City
Tesler,Semi,Tesla,Semi
Mini,Electric,Mini,Electric
Fiat,500X,Fiat,500X
Alfa Romio,Stelvio,Alfa Romeo,Stelvio
Genisis,G70 Shooting Brake,Genesis,G70 Shooting Brake
Mitsubishe,Eclipse Cross PHEV,Mitsubishi,Eclipse Cross PHEV
Toyotta,bZ3,Toyota,bZ3
Honnda,Breeze,Honda,Breeze
Forde,Equator,Ford,Equator
Chevrolett,Onix,Chevrolet,Onix
Mersedes,EQB,Mercedes,EQB
Nisan,Magnite,Nissan,Magnite
Volswagon,Nivus,Volkswagen,Nivus
Hyndai,Alcazar,Hyundai,Alcazar
Kiaa,Sonet,Kia,Sonet
BMV,i4 eDrive35,BMW,i4 eDrive35
Audi,e-tron GT,Audi,e-tron GT
Lexuss,RZ,Lexus,RZ
Mazda,CX-60,Mazda,CX-60
Subaru,Ascent,Subaru,Ascent
Acurra,RDX,Acura,RDX
Jeap,Meridian,Jeep,Meridian
Chryseler,300,Chrysler,300
Infiniti,QX60,Infiniti,QX60
Buik,GL8 Avenir,Buick,GL8 Avenir
Lincolnn,Nautilus,Lincoln,Nautilus
Cadilac,CT5,Cadillac,CT5
Porche,911 GT3 RS,Porsche,911 GT3 RS
Jagwar,F-Pace SVR,Jaguar,F-Pace SVR
Landrover,Range Rover Evoque,Land Rover,Range Rover Evoque
Volvoe,S60,Volvo,S60
GMC,Canyon AT4X,GMC,Canyon AT4X
Dodge,Durango SRT Hellcat,Dodge,Durango SRT Hellcat
Ram,1500 REV,Ram,1500 REV
Tesler,Cybertruck,Tesla,Cybertruck
Mini,Countryman,Mini,Countryman
Fiat,Pulse,Fiat,Pulse
Alfa Romio,Tonale,Alfa Romeo,Tonale
Genisis,Electrified GV70,Genesis,Electrified GV70
Mitsubishe,Xpander,Mitsubishi,Xpander
Toyotta,Crown Sport,Toyota,Crown Sport
Honnda,WR-V,Honda,WR-V
Forde,Everest,Ford,Everest
Chevrolett,Groove,Chevrolet,Groove
Mersedes,EQE SUV,Mercedes,EQE SUV
Nisan,Kicks e-Power,Nissan,Kicks e-Power
Volswagon,Virtus,Volkswagen,Virtus
Hyndai,Aura,Hyundai,Aura
Kiaa,Carnival Hi-Limousine,Kia,Carnival Hi-Limousine
BMV,X1,BMW,X1
Audi,Q8 e-tron,Audi,Q8 e-tron
Lexuss,LM,Lexus,LM
Mazda,CX-90,Mazda,CX-90
Subaru,Crosstrek,Subaru,Crosstrek
Acurra,Integra Type S,Acura,Integra Type S
Jeap,Compass 4xe,Jeep,Compass 4xe
Chryseler,Pacifica,Chrysler,Pacifica
Infiniti,QX50,Infiniti,QX50
Buik,Envista,Buick,Envista
Lincolnn,Aviator,Lincoln,Aviator
Cadilac,Celestiq,Cadillac,CELESTIQ
Porche,718 Cayman GT4 RS,Porsche,718 Cayman GT4 RS
Jagwar,I-Pace,Jaguar,I-Pace
Landrover,Discovery Sport,Land Rover,Discovery Sport
Volvoe,EX30,Volvo,EX30
GMC,Sierra EV,GMC,Sierra EV
Dodge,Charger Daytona SRT,Dodge,Charger Daytona SRT
Ram,2500 Power Wagon,Ram,2500 Power Wagon
Tesler,Roadster,Tesla,Roadster
Mini,John Cooper Works,Mini,John Cooper Works
Fiat,Fastback,Fiat,Fastback
Alfa Romio,Giulia GTA,Alfa Romeo,Giulia GTA
Genisis,GV80 Coupe,Genesis,GV80 Coupe
Mitsubishe,Triton,Mitsubishi,Triton
Toyotta,Urban Cruiser,Toyota,Urban Cruiser
Honnda,City,Honda,City
Forde,Ranger Raptor,Ford,Ranger Raptor
Chevrolett,Tracker,Chevrolet,Tracker
Mersedes,EQV,Mercedes,EQV
Nisan,Serena,Nissan,Serena
Volswagon,Talagon,Volkswagen,Talagon
Hyndai,Custo,Hyundai,Custo
Kiaa,Seltos X-Line,Kia,Seltos X-Line
BMV,XM,BMW,XM
Audi,RS3,Audi,RS3
Lexuss,RX 500h,Lexus,RX 500h
Mazda,CX-8,Mazda,CX-8
Subaru,BRZ tS,Subaru,BRZ tS
Acurra,TLX Type S PMC Edition,Acura,TLX Type S PMC Edition
Jeap,Wagoneer L,Jeep,Wagoneer L
Chryseler,Airflow,Chrysler,Airflow
Infiniti,QX80 Sensory,Infiniti,QX80 Sensory
Buik,Electra E5,Buick,Electra E5
Lincolnn,Star Concept,Lincoln,Star Concept
Cadilac,Escalade IQ,Cadillac,Escalade IQ
Porche,Mission X,Porsche,Mission X
Jagwar,XJ Electric,Jaguar,XJ Electric
Landrover,Range Rover Sport SV,Land Rover,Range Rover Sport SV
Volvoe,EM90,Volvo,EM90
GMC,Acadia,GMC,Acadia
Dodge,Challenger Black Ghost,Dodge,Challenger Black Ghost
Ram,1500 TRX Havoc Edition,Ram,1500 TRX Havoc Edition
Tesler,Model 2,Tesla,Model 2
Mini,Aceman,Mini,Aceman
Fiat,Titano,Fiat,Titano
Alfa Romio,Giulietta,Alfa Romeo,Giulietta
Genisis,X Convertible,Genesis,X Convertible
Mitsubishe,Airtrek,Mitsubishi,Airtrek
Toyotta,Century SUV,Toyota,Century SUV
Honnda,Elevate,Honda,Elevate
Forde,Puma ST,Ford,Puma ST
Chevrolett,Corvette E-Ray,Chevrolet,Corvette E-Ray
Mersedes,CLE,Mercedes,CLE
Nisan,Ariya Nismo,Nissan,Ariya Nismo
Volswagon,ID.7,Volkswagen,ID.7
Hyndai,Stargazer,Hyundai,Stargazer
Kiaa,EV5,Kia,EV5
BMV,i5 M60,BMW,i5 M60
Audi,A6 Avant e-tron,Audi,A6 Avant e-tron
Lexuss,GX,Lexus,GX
Mazda,CX-70,Mazda,CX-70
Subaru,Forester Wilderness,Subaru,Forester Wilderness
